{
    "vertices":[0.485009,-0.20578,-0.645806,0.485009,-0.20578,1.35419,0.398661,1.39213,-0.645806,0.398661,1.39213,1.35419,-1.42864,2.20512,1.35419,-1.42864,2.20512,-0.645806],
    "uvs":[[0.555511,0.444489,0.555511,0.999925,7.5e-05,0.999925,7.5e-05,0.444489,0.555511,7.5e-05,7.5e-05,7.5e-05]],
    "faces":[41,2,5,4,3,0,1,2,3,0,0,0,0,41,0,2,3,1,4,0,3,5,1,1,1,1],
    "normals":[0.406498,0,-0.913652,0.998543,-0,-0.05396],
    "metadata":{
        "vertices":6,
        "generator":"io_three",
        "uvs":1,
        "faces":2,
        "type":"Geometry",
        "normals":2,
        "version":3
    },
    "name":"CubeGeometry"
}